Utc,Bsp,Awa,Aws,Twa,Tws,Twd,Rudder2,Leeway,Set,Drift,Hdg,AirTmp,SeaTmp,Baro,Depth,Heel,Trim,Rudder,Tab,Forestay,Downhaul,MastAng,FrstyLen,MastButt,StbJmpr,PrtJmpr,Rake,Volts,ROT,GpsQual,PDOP,GpsNum,GpsAge,GpsGeoHt,GpsAntHt,GpsPosFx,Lat,Lon,Cog,Sog
38419.78168,7.416,-33.2,31.68,-42.2,25.8,203,,2,0,0,243.2,76,64.5,30.09,,-81.6,,,,,,,,,,,,,,,,,,,,,50.76229,-1.36405,,
38419.78174,7.8,-29.8,32.04,-38.6,25.62,204.2,,2,0,0,240.8,76,64.5,30.09,,-81.2,,,,,,,,,,,,,,,,,,,,,50.76221,-1.36429,,
38419.78179,7.66,-29.2,32.18,-37.2,25.72,205.2,,2,0,0,240.4,76,64.5,30.09,,-82,,,,,,,,,,,,,,,,,,,,,50.76221,-1.36429,,
38419.78185,7.374,-28.6,31.2,-36.6,24.98,208,,2,0,0,243,76,64.5,30.09,,-78.4,,,,,,,,,,,,,,,,,,,,,50.762068,-1.364778,,
38419.78191,7.27,-27,28.88,-35.2,22.62,209.8,,2,0,0,243.2,76,64.5,30.09,,-64.2,,,,,,,,,,,,,,,,,,,,,50.76197,-1.365022,,
38419.78196,6.988,-28.6,27.42,-37.8,21.52,211,,2,0,0,246.4,76,64.5,30.09,,-57.8,,,,,,,,,,,,,,,,,,,,,50.76189,-1.365254,,
38419.78202,7.186,-27.2,27.5,-36.3,21.42,211.8,,2,0,0,245.7,76,64.5,30.09,,-56.4,,,,,,,,,,,,,,,,,,,,,50.761842,-1.365484,,
38419.78208,7.062,18.2,28.06,24.1,21.56,212.2,,2,0,0,189.8,76,64.5,30.09,,35.8,,,,,,,,,,,,,,,,,,,,,50.76176,-1.365706,,
38419.78214,6.7,27.6,27.48,35.8,21.78,211,,2,0,0,176.8,76,64.5,30.09,,58.6,,,,,,,,,,,,,,,,,,,,,50.76161,-1.36575,,
38419.7822,7.004,29.4,28.74,37.8,22.88,208.6,,2,0,0,172.8,76,64.5,30.09,,64.6,,,,,,,,,,,,,,,,,,,,,50.76146,-1.365718,,
38419.78226,7.728,31.8,31.12,41.2,24.9,207,,2,0,0,168,76,64.5,30.09,,75.8,,,,,,,,,,,,,,,,,,,,,50.76131,-1.365662,,
38419.78231,7.54,36.8,32.28,46.4,26.62,207.2,,2,0,0,162.4,76,64.5,30.09,,85,,,,,,,,,,,,,,,,,,,,,50.76115,-1.365578,,
38419.78237,7.382,36.6,32.78,45.8,27.18,209,,2,0,0,165.2,76,64.5,30.09,,89.2,,,,,,,,,,,,,,,,,,,,,50.761,-1.365472,,
38419.78243,7.464,35,32.28,44.2,26.52,209.4,,2,0,0,167,76,64.5,30.09,,85.6,,,,,,,,,,,,,,,,,,,,,50.76085,-1.365378,,
38419.78249,7.474,34.4,32.38,44.2,26.56,207.8,,2,0,0,165.4,76,64.5,30.09,,85.8,,,,,,,,,,,,,,,,,,,,,50.76069,-1.365296,,
38419.78254,7.356,35.8,32.68,45.4,27.12,206,,2,0,0,162.8,76,64.5,30.09,,88.8,,,,,,,,,,,,,,,,,,,,,50.76054,-1.3652
38419.7826,7.246,32.8,33.16,41.4,27.4,206,,2,0,0,166.8,76,64.5,30.09,,92.2,,,,,,,,,,,,,,,,,,,,,50.76039,-1.3651
38419.78266,7.132,35.2,32.72,43.4,27.18,207,,2,0,0,165.4,76,64.5,30.09,,89.8,,,,,,,,,,,,,,,,,,,,,50.76024,-1.365008
38419.78272,7.29,34.4,31.82,43.4,26.12,209,,2,0,0,167.6,76,64.5,30.09,,83.6,,,,,,,,,,,,,,,,,,,,,50.76009,-1.364918
38419.78278,6.882,36.6,30.98,46,25.76,210,,2,0,0,165.6,76,64.5,30.09,,79.8,,,,,,,,,,,,,,,,,,,,,50.75994,-1.364836
38419.78283,7.186,35.8,32.94,44.4,27.46,210.8,,2,0,0,168.4,76,64.5,30.09,,90.6,,,,,,,,,,,,,,,,,,,,,50.7598,-1.364756
38419.78289,7.782,32.4,35.04,40.6,28.76,210.4,,2,0,0,171.8,76,64.5,30.09,,101.2,,,,,,,,,,,,,,,,,,,,,50.75965,-1.364684
38419.78295,8.252,29.8,36.16,38.2,29.28,210,,2,0,0,173.8,76,64.5,30.09,,106.4,,,,,,,,,,,,,,,,,,,,,50.75948,-1.364614
38419.78301,8.608,34.6,34.9,44.8,28.26,209.2,,2,0,0,166.8,76,64.5,30.09,,97.8,,,,,,,,,,,,,,,,,,,,,50.7593,-1.364552
38419.78307,7.96,34,33.38,43.8,27.18,210.8,,2,0,0,169.2,76,64.5,30.09,,90,,,,,,,,,,,,,,,,,,,,,50.75912,-1.36446
38419.78312,7.9,33.2,33.94,42.4,27.68,212,,2,0,0,171.6,76,64.5,30.09,,94,,,,,,,,,,,,,,,,,,,,,50.75895,-1.364376
38419.78318,8.078,32.8,32.78,42.2,26.34,211.6,,2,0,0,171.6,76,64.5,30.09,,85.2,,,,,,,,,,,,,,,,,,,,,50.758806,-1.364304
38419.78324,8.19,33,31.72,43.2,25.26,211,,2,0,0,170,76,64.5,30.09,,78.4,,,,,,,,,,,,,,,,,,,,,50.758626,-1.364234
38419.7833,7.436,33.4,29.62,43.6,23.8,211.8,,2,0,0,170.6,76,64.5,30.09,,69.4,,,,,,,,,,,,,,,,,,,,,50.758446,-1.364156
38419.78336,6.804,31.4,28.84,40,23.32,213.4,,2,0,0,175.4,76,64.5,30.09,,67,,,,,,,,,,,,,,,,,,,,,50.75829,-1.364092
38419.78342,6.798,32.6,28.56,41.8,23.1,213.8,,2,0,0,174,76,64.5,30.09,,65.4,,,,,,,,,,,,,,,,,,,,,50.75814,-1.364048
38419.78347,6.718,30.8,29.18,39.4,23.66,213.8,,2,0,0,176.4,76,64.5,30.09,,69,,,,,,,,,,,,,,,,,,,,,50.75799,-1.364
38419.78353,6.95,30.2,30.14,38.2,24.36,214,,2,0,0,177.4,76,64.5,30.09,,73.4,,,,,,,,,,,,,,,,,,,,,50.757848,-1.363958
38419.78359,7.76,31,30.6,40.4,24.28,213.4,,2,0,0,175.2,76,64.5,30.09,,72.6,,,,,,,,,,,,,,,,,,,,,50.7577,-1.363918
38419.78365,7.882,30,31.08,39.8,24.58,212.8,,2,0,0,175.2,76,64.5,30.09,,74.4,,,,,,,,,,,,,,,,,,,,,50.757534,-1.36387
38419.78371,7.746,33.8,31.18,43.4,25.1,212.6,,2,0,0,171.2,76,64.5,30.09,,77,,,,,,,,,,,,,,,,,,,,,50.757356,-1.363812
38419.78376,7.756,32.8,30.64,42.8,24.5,211.6,,2,0,0,170.8,76,64.5,30.09,,73.4,,,,,,,,,,,,,,,,,,,,,50.757192,-1.363744
38419.78382,7.962,30.2,30,39.8,23.44,209.2,,2,0,0,171.4,76,64.5,30.09,,68.2,,,,,,,,,,,,,,,,,,,,,50.757024,-1.363674
38419.78388,7.562,30.4,28.72,40.2,22.54,206.6,,2,0,0,168.6,76,64.5,30.09,,62.6,,,,,,,,,,,,,,,,,,,,,50.756854,-1.363604
38419.78394,7.676,31.2,28.74,41.4,22.54,204.6,,2,0,0,165.2,76,64.5,30.09,,62,,,,,,,,,,,,,,,,,,,,,50.756692,-1.363518
38419.784,8.166,31.2,29.76,41.8,23.14,202.4,,2,0,0,162.8,76,64.5,30.09,,65.6,,,,,,,,,,,,,,,,,,,,,50.756532,-1.36342
38419.78405,8.218,32.8,29.96,43.6,23.5,202.2,,2,0,0,160.6,76,64.5,30.09,,67,,,,,,,,,,,,,,,,,,,,,50.756364,-1.363304
38419.78411,7.814,33.6,30.12,43.8,24.02,205.2,,2,0,0,163.2,76,64.5,30.09,,70.2,,,,,,,,,,,,,,,,,,,,,50.756202,-1.363176
38419.78417,7.42,33,29.84,42.6,23.96,207,,2,0,0,166.4,76,64.5,30.09,,70.4,,,,,,,,,,,,,,,,,,,,,50.756034,-1.363084
38419.78423,7.392,18.1,30,23.9,23.42,208.8,,2,0,0,186.2,76,64.5,30.09,,41.4,,,,,,,,,,,,,,,,,,,,,50.755904,-1.362986
38419.78429,7.502,-19,30.34,-25.4,23.4,209.8,,2,0,0,232.6,76,64.5,30.09,,-67.8,,,,,,,,,,,,,,,,,,,,,50.755756,-1.36295
38419.78434,7.18,-23.4,29.92,-30.8,23.54,212,,2,0,0,240.2,76,64.5,30.09,,-69,,,,,,,,,,,,,,,,,,,,,50.755646,-1.36316
38419.7844,7.422,-30,29.7,-39,23.58,214.4,,2,0,0,251.6,76,64.5,30.09,,-68.6,,,,,,,,,,,,,,,,,,,,,50.755568,-1.36345
38419.78446,7.692,10.7,31.32,13.9,24.24,215.6,,2,0,0,202.2,76,64.5,30.09,,17.2,,,,,,,,,,,,,,,,,,,,,50.755492,-1.363682
38419.78452,8.38,37.6,31.08,49.1,25.02,214,,2,0,0,166.9,76,64.5,30.09,,74.8,,,,,,,,,,,,,,,,,,,,,50.755352,-1.363758
38419.78458,9.992,105,21.14,126.4,25.46,212.6,,1.2,0,0,87.4,76,64.5,30.09,,20.8,,,,,,,,,,,,,,,,,,,,,50.755244,-1.363636
38419.78463,10.17,132.2,17.76,149.4,25.72,211,,0.32,0,0,62,76,64.5,30.09,,4.8,,,,,,,,,,,,,,,,,,,,,50.75523,-1.363348
38419.78469,10.688,129.8,17.5,148.8,25.7,210.6,,0.3,0,0,62.4,76,64.5,30.09,,5,,,,,,,,,,,,,,,,,,,,,50.755338,-1.363022
38419.78475,11.066,135,16.1,153.2,25.18,213.2,,0.18,0,0,60.2,76,64.5,30.09,,3.4,,,,,,,,,,,,,,,,,,,,,50.755466,-1.362686
38419.78481,10.774,137.4,15.58,154.6,24.58,217,,0.16,0,0,63,76,64.5,30.09,,2.6,,,,,,,,,,,,,,,,,,,,,50.755598,-1.36233
38419.78487,10.412,146,15.68,159.4,25,220.8,,0.1,0,0,61.8,76,64.5,30.09,,1.4,,,,,,,,,,,,,,,,,,,,,50.755722,-1.361992
38419.78492,10.632,133.6,16.72,151.6,25.24,221,,0.26,0,0,70.2,76,64.5,30.09,,3.6,,,,,,,,,,,,,,,,,,,,,50.75584,-1.361664
38419.78498,10.66,148.3,15,161.4,24.42,222,,0.12,0,0,60.6,76,64.5,30.09,,2,,,,,,,,,,,,,,,,,,,,,50.75594,-1.361316
38419.78504,10.16,-171.6,13.88,-175.2,23.96,220.6,,0,0,0,35.8,76,64.5,30.09,,0,,,,,,,,,,,,,,,,,,,,,50.756072,-1.361008
38419.7851,9.75,-167.2,14.46,-172.2,24.08,219,,0,0,0,31,76,64.5,30.09,,0,,,,,,,,,,,,,,,,,,,,,50.756256,-1.360798
38419.78516,9.896,-159.8,14.96,-168,24.44,219,,0,0,0,26.6,76,64.5,30.09,,-0.2,,,,,,,,,,,,,,,,,,,,,50.756446,-1.36063
38419.78521,11.208,-145.4,15.06,-159.8,25.08,220,,0.1,0,0,20,76,64.5,30.09,,-1.4,,,,,,,,,,,,,,,,,,,,,50.756648,-1.360488
38419.78527,11.258,-139.4,15.7,-156.2,25.34,219.8,,0.12,0,0,16,76,64.5,30.09,,-2.4,,,,,,,,,,,,,,,,,,,,,50.756876,-1.36037
38419.78533,11.392,-148.4,14.28,-162.4,24.64,217,,0.06,0,0,18.8,76,64.5,30.09,,-1.4,,,,,,,,,,,,,,,,,,,,,50.757116,-1.36027
38419.78539,11.288,-168.2,12.88,-173.6,24.04,212.6,,0,0,0,26,76,64.5,30.09,,0,,,,,,,,,,,,,,,,,,,,,50.757352,-1.360146
38419.78545,11.214,-168.8,12.4,-174.2,23.5,209,,0,0,0,22.6,76,64.5,30.09,,0,,,,,,,,,,,,,,,,,,,,,50.757582,-1.359994
38419.7855,11.386,-177.6,11.92,-178.6,23.3,205,,0,0,0,23.6,76,64.5,30.09,,0,,,,,,,,,,,,,,,,,,,,,50.757816,-1.359854
38419.78556,11.046,174.2,12.08,177,23.08,204.6,,0,0,0,27.6,76,64.5,30.09,,0,,,,,,,,,,,,,,,,,,,,,50.758052,-1.359706
38419.78562,10.466,-177.8,12.74,-179,23.18,206.4,,0,0,0,25.4,76,64.5,30.09,,0,,,,,,,,,,,,,,,,,,,,,50.758278,-1.35955
38419.78568,10.128,-177.4,13.46,-178.2,23.58,209.8,,0,0,0,28.4,76,64.5,30.09,,0,,,,,,,,,,,,,,,,,,,,,50.758494,-1.3594
38419.78573,10.122,-164.4,15.14,-170.4,24.92,210.4,,0.02,0,0,20.6,76,64.5,30.09,,-0.4,,,,,,,,,,,,,,,,,,,,,50.7587,-1.359254
38419.78579,10.298,-143.4,17.2,-157,26.18,209,,0.16,0,0,5.8,76,64.5,30.09,,-2.6,,,,,,,,,,,,,,,,,,,,,50.758908,-1.359154
38419.78585,10.262,-142.2,17.78,-155.6,26.64,208,,0.2,0,0,3.6,76,64.5,30.09,,-3,,,,,,,,,,,,,,,,,,,,,50.759132,-1.359126
38419.78591,10.926,-137,17.64,-153.2,26.68,207.8,,0.2,0,0,1.2,76,64.5,30.09,,-3.8,,,,,,,,,,,,,,,,,,,,,50.759362,-1.359124
38419.78597,11.418,-139.8,16.32,-156.2,26.08,206.2,,0.12,0,0,2,76,64.5,30.09,,-2.6,,,,,,,,,,,,,,,,,,,,,50.7596,-1.359134
38419.78602,12.236,-132.6,15.3,-153.6,25.24,206,,0.12,0,0,359,76,64.5,30.09,,-3,,,,,,,,,,,,,,,,,,,,,50.759854,-1.359148
38419.78608,12.25,-125.8,16.42,-148.4,25.6,207.2,,0.24,0,0,355.6,76,64.5,30.09,,-4.6,,,,,,,,,,,,,,,,,,,,,50.760118,-1.35918
38419.78614,11.48,-128,17.82,-148.2,26.48,209.8,,0.3,0,0,357.2,76,64.5,30.09,,-5.4,,,,,,,,,,,,,,,,,,,,,50.760384,-1.35923
38419.7862,11.204,-132.6,19.16,-149.4,27.98,211.4,,0.3,0,0,0.6,76,64.5,30.09,,-5.6,,,,,,,,,,,,,,,,,,,,,50.76064,-1.359268
38419.78626,11,-133.6,19.5,-150,28.2,212,,0.3,0,0,1.6,76,64.5,30.09,,-5.2,,,,,,,,,,,,,,,,,,,,,50.76089,-1.359284
38419.78631,10.774,-139.2,18.76,-153.8,27.82,212,,0.22,0,0,5.6,76,64.5,30.09,,-4,,,,,,,,,,,,,,,,,,,,,50.761136,-1.359286
38419.78637,10.602,-140.2,17.88,-154.8,26.9,211.6,,0.2,0,0,6.2,76,64.5,30.09,,-3,,,,,,,,,,,,,,,,,,,,,50.761376,-1.359272
38419.78643,10.164,-138.8,16.32,-154.4,24.9,212,,0.2,0,0,6.2,76,64.5,30.09,,-2.8,,,,,,,,,,,,,,,,,,,,,50.761612,-1.359252
38419.78649,9.59,-159.2,14.28,-167.6,23.42,212,,0.04,0,0,19.8,76,64.5,30.09,,-0.6,,,,,,,,,,,,,,,,,,,,,50.761834,-1.359216
38419.78655,9.782,175,12.46,177.2,22.2,212,,0,0,0,34.8,76,64.5,30.09,,0,,,,,,,,,,,,,,,,,,,,,50.762036,-1.359116
38419.7866,10.066,164.2,11.36,171.6,21.2,211.6,,0,0,0,40,76,64.5,30.09,,0,,,,,,,,,,,,,,,,,,,,,50.762222,-1.358936
38419.78666,9.826,168,10.46,173.8,20.16,211.8,,0,0,0,38,76,64.5,30.09,,0,,,,,,,,,,,,,,,,,,,,,50.762402,-1.358726
38419.78672,9.326,164.8,10.26,172,19.4,211.2,,0,0,0,39,76,64.5,30.09,,0,,,,,,,,,,,,,,,,,,,,,50.762578,-1.35852
38419.78678,9.592,157.6,9.52,168.8,18.74,211,,0,0,0,41.6,76,64.5,30.09,,0,,,,,,,,,,,,,,,,,,,,,50.762744,-1.358316
38419.78684,9.346,162,10.3,170.4,19.38,209.2,,0,0,0,38.4,76,64.5,30.09,,0,,,,,,,,,,,,,,,,,,,,,50.762908,-1.35811
38419.78689,8.986,166.4,11.8,172.4,20.62,207.4,,0,0,0,35,76,64.5,30.09,,0,,,,,,,,,,,,,,,,,,,,,50.763078,-1.357918
38419.78695,8.986,171.4,11.3,175.4,20.24,207.8,,0,0,0,32.2,76,64.5,30.09,,0,,,,,,,,,,,,,,,,,,,,,50.763248,-1.357746
38419.78701,9.184,167,10.34,173.2,19.4,210.4,,0,0,0,37.4,76,64.5,30.09,,0,,,,,,,,,,,,,,,,,,,,,50.763418,-1.357578
38419.78707,9.366,160,10.16,169.6,19.24,213.4,,0,0,0,43.4,76,64.5,30.09,,0,,,,,,,,,,,,,,,,,,,,,50.763584,-1.357386
38419.78713,9.138,160.4,10.34,169.4,19.16,216.6,,0,0,0,47,76,64.5,30.09,,0,,,,,,,,,,,,,,,,,,,,,50.76374,-1.357168
38419.78719,8.878,163.4,10.78,171,19.44,217.6,,0,0,0,46.6,76,64.5,30.09,,0,,,,,,,,,,,,,,,,,,,,,50.763886,-1.356938
38419.78724,9.572,165.2,10.8,172.2,20.18,214.4,,0,0,0,42.2,76,64.5,30.09,,0,,,,,,,,,,,,,,,,,,,,,50.76403,-1.356712
38419.7873,10.592,164.8,10.2,172.4,20.6,212,,0,0,0,39.4,76,64.5,30.09,,0,,,,,,,,,,,,,,,,,,,,,50.764192,-1.356488
38419.78736,10.136,164.8,10.68,172.2,20.62,208.6,,0,0,0,36.6,76,64.5,30.09,,0,,,,,,,,,,,,,,,,,,,,,50.764376,-1.356266
38419.78742,9.402,170.4,10.92,174.8,20.24,207.8,,0,0,0,32.8,76,64.5,30.09,,0,,,,,,,,,,,,,,,,,,,,,50.764562,-1.356068
38419.78748,9.136,164.2,11.02,171.4,19.98,207,,0,0,0,35.4,76,64.5,30.09,,0,,,,,,,,,,,,,,,,,,,,,50.764738,-1.355892
38419.78753,9.51,161,10.16,170.2,19.42,206.8,,0,0,0,36.2,76,64.5,30.09,,0,,,,,,,,,,,,,,,,,,,,,50.764908,-1.355714
38419.78759,8.716,161.4,10.62,169.8,19.08,206,,0,0,0,36,76,64.5,30.09,,0,,,,,,,,,,,,,,,,,,,,,50.765078,-1.355528
38419.78765,8.778,159.6,11.8,168.2,20.24,206,,0,0,0,38.4,76,64.5,30.09,,0,,,,,,,,,,,,,,,,,,,,,50.765244,-1.355348
38419.78771,9.488,167.8,12.68,173,22.02,206.2,,0,0,0,33.2,76,64.5,30.09,,0,,,,,,,,,,,,,,,,,,,,,50.765408,-1.355164
38419.78777,9.674,-180,13.5,-180,23.18,208,,0,0,0,28,76,64.5,30.09,,0,,,,,,,,,,,,,,,,,,,,,50.76559,-1.35499
38419.78782,9.612,175.2,12.94,177.2,22.5,210.6,,0,0,0,33.2,76,64.5,30.09,,0,,,,,,,,,,,,,,,,,,,,,50.765786,-1.354832
38419.78788,9.27,-177.8,13.12,-178.6,22.38,211.8,,0,0,0,30.4,76,64.5,30.09,,0,,,,,,,,,,,,,,,,,,,,,50.765972,-1.354666
38419.78794,9.324,-170.4,14.4,-174.4,23.6,214.2,,0,0,0,28.4,76,64.5,30.09,,0,,,,,,,,,,,,,,,,,,,,,50.766152,-1.35451
38419.788,9.596,-160,15.18,-167.4,24.38,215.6,,0.02,0,0,23,76,64.5,30.09,,-0.4,,,,,,,,,,,,,,,,,,,,,50.76634,-1.354368
38419.78806,9.928,-149.6,15.86,-161.2,24.92,215.2,,0.1,0,0,16.6,76,64.5,30.09,,-1.4,,,,,,,,,,,,,,,,,,,,,50.766544,-1.35425
38419.78811,11.116,-141,15.76,-157,25.4,216,,0.1,0,0,12.6,76,64.5,30.09,,-2.2,,,,,,,,,,,,,,,,,,,,,50.766762,-1.354162
38419.78817,12.166,-131.8,15.58,-152.8,25.32,215.2,,0.16,0,0,8.2,76,64.5,30.09,,-3.6,,,,,,,,,,,,,,,,,,,,,50.767004,-1.354104
38419.78823,12.084,-134.8,15.64,-154.2,25.6,215.4,,0.14,0,0,9.6,76,64.5,30.09,,-3,,,,,,,,,,,,,,,,,,,,,50.767268,-1.354064
38419.78829,11.786,-135.6,17.36,-153.4,27.02,215,,0.18,0,0,8,76,64.5,30.09,,-3.8,,,,,,,,,,,,,,,,,,,,,50.767534,-1.35402
38419.78835,11.386,-140.4,17.36,-156.2,27.1,212.8,,0.16,0,0,8.8,76,64.5,30.09,,-2.8,,,,,,,,,,,,,,,,,,,,,50.76779,-1.353978
38419.7884,11.166,-142.8,16.92,-157.4,26.66,211,,0.12,0,0,8.6,76,64.5,30.09,,-2.4,,,,,,,,,,,,,,,,,,,,,50.76804,-1.353944
38419.78846,10.968,-139.2,16.84,-155.2,26.14,211.2,,0.16,0,0,6.2,76,64.5,30.09,,-2.6,,,,,,,,,,,,,,,,,,,,,50.768286,-1.353908
38419.78852,11.494,-133.4,16.62,-152,25.9,212.2,,0.2,0,0,4.2,76,64.5,30.09,,-4,,,,,,,,,,,,,,,,,,,,,50.76853,-1.353886
38419.78858,11.866,-152.8,15.64,-164.1,26.1,213,,0.12,0,0,16.7,76,64.5,30.09,,-2.2,,,,,,,,,,,,,,,,,,,,,50.768784,-1.353876
38419.78864,11.982,145.2,14.46,161,25.24,212.4,,0.08,0,0,51.6,76,64.5,30.09,,1.4,,,,,,,,,,,,,,,,,,,,,50.76902,-1.353762
38419.7887,12.35,127.6,15.04,150.8,24.6,213,,0.16,0,0,62.4,76,64.5,30.09,,3.6,,,,,,,,,,,,,,,,,,,,,50.769204,-1.353456
38419.78875,12.032,129,15.56,151,24.94,214.4,,0.2,0,0,63.4,76,64.5,30.09,,3.6,,,,,,,,,,,,,,,,,,,,,50.769352,-1.353084
38419.78881,11.392,133.6,15.56,152.8,24.84,216.2,,0.18,0,0,63.4,76,64.5,30.09,,3.4,,,,,,,,,,,,,,,,,,,,,50.769514,-1.352706
38419.78887,9.962,108.6,19.82,128.1,24.4,217.8,,0.8,0,0,90.4,76,64.5,30.09,,16.4,,,,,,,,,,,,,,,,,,,,,50.769618,-1.35235
38419.78893,7.74,46.2,29.38,59.2,24.68,217.6,,2,0,0,160.2,76,64.5,30.09,,66.4,,,,,,,,,,,,,,,,,,,,,50.769642,-1.35206
38419.78899,7,37.4,29.78,47.2,24.6,217.4,,2,0,0,172,76,64.5,30.09,,72.6,,,,,,,,,,,,,,,,,,,,,50.76951,-1.351908
38419.78904,6.32,35.2,29.62,43.6,24.74,216.4,,2,0,0,174.8,76,64.5,30.09,,74.4,,,,,,,,,,,,,,,,,,,,,50.769364,-1.35184
38419.7891,6.47,32.4,29.94,40.4,24.74,214.6,,2,0,0,176.2,76,64.5,30.09,,75.6,,,,,,,,,,,,,,,,,,,,,50.769224,-1.351794
38419.78916,6.646,32.8,30.12,41.2,24.78,213.4,,2,0,0,174.2,76,64.5,30.09,,75.6,,,,,,,,,,,,,,,,,,,,,50.769084,-1.351754
38419.78922,7.114,35,30.3,44.6,24.82,213.8,,2,0,0,171,76,64.5,30.09,,74.8,,,,,,,,,,,,,,,,,,,,,50.768936,-1.351706
38419.78928,7.348,35.8,30.7,45.6,25.14,215.8,,2,0,0,172,76,64.5,30.09,,76,,,,,,,,,,,,,,,,,,,,,50.768776,-1.351646
38419.78934,7.814,33.6,31.1,43.6,24.98,215.8,,2,0,0,174.2,76,64.5,30.09,,75.8,,,,,,,,,,,,,,,,,,,,,50.768616,-1.351586
38419.7894,8.264,31.8,32.02,41.8,25.4,213.4,,2,0,0,173.4,76,64.5,30.09,,79,,,,,,,,,,,,,,,,,,,,,50.768412,-1.351526
38419.78945,8.018,33.6,32.2,43,25.9,210.4,,2,0,0,169.2,76,64.5,30.09,,81.6,,,,,,,,,,,,,,,,,,,,,50.768238,-1.351462
38419.78951,8.018,32,33.92,40.8,27.44,207.2,,2,0,0,168.6,76,64.5,30.09,,92.2,,,,,,,,,,,,,,,,,,,,,50.768068,-1.351388
38419.78957,7.978,35,34.56,43.8,28.36,206,,2,0,0,164,76,64.5,30.09,,97.6,,,,,,,,,,,,,,,,,,,,,50.767898,-1.3513
38419.78963,7.622,34,35.16,42.8,29.16,206.2,,2,0,0,165.4,76,64.5,30.09,,103.8,,,,,,,,,,,,,,,,,,,,,50.767762,-1.3512
38419.78969,7.702,36.8,35.08,46,29.26,206.2,,2,0,0,162.2,76,64.5,30.09,,103.4,,,,,,,,,,,,,,,,,,,,,50.7676,-1.3511
38419.78974,7.97,32.8,35.28,41.6,28.9,203.8,,2,0,0,164.2,76,64.5,30.09,,102.4,,,,,,,,,,,,,,,,,,,,,50.767446,-1.350996
38419.7898,8.13,30.8,34.8,39.4,28.1,203,,2,0,0,166.2,76,64.5,30.09,,98,,,,,,,,,,,,,,,,,,,,,50.767286,-1.35089
38419.78986,8.49,33.4,33.36,43.6,26.66,203,,2,0,0,161.6,76,64.5,30.09,,87,,,,,,,,,,,,,,,,,,,,,50.767118,-1.350782
38419.78992,9.068,29.6,33.62,39.2,26.14,203.2,,2,0,0,165.8,76,64.5,30.09,,84,,,,,,,,,,,,,,,,,,,,,50.766938,-1.350662
38419.78998,9.262,-11.4,34.22,-15.7,25.4,205.4,,2,0,0,219.9,76,64.5,30.09,,-46.6,,,,,,,,,,,,,,,,,,,,,50.766754,-1.350606
38419.79004,9.046,-24.8,32.8,-33.6,24.94,208.2,,2,0,0,239.8,76,64.5,30.09,,-77.6,,,,,,,,,,,,,,,,,,,,,50.766592,-1.350738
38419.79009,8.336,-31,32.06,-40.8,25.26,210.4,,2,0,0,249.4,76,64.5,30.09,,-78.4,,,,,,,,,,,,,,,,,,,,,50.766488,-1.351016
38419.79015,8.002,-31.4,32.24,-41,25.76,212.4,,2,0,0,251.4,76,64.5,30.09,,-81.6,,,,,,,,,,,,,,,,,,,,,50.766416,-1.351302
38419.79021,7.908,-32.2,31.92,-41.4,25.58,213.2,,2,0,0,252.8,76,64.5,30.09,,-80.4,,,,,,,,,,,,,,,,,,,,,50.766356,-1.351582
38419.79027,7.52,-30.8,30.46,-39.8,24.3,214,,2,0,0,251.8,76,64.5,30.09,,-73.2,,,,,,,,,,,,,,,,,,,,,50.766296,-1.351862
38419.79033,7.736,-31,29.12,-41.4,22.84,213.4,,2,0,0,252.6,76,64.5,30.09,,-64.6,,,,,,,,,,,,,,,,,,,,,50.766236,-1.352134
38419.79038,7.884,-31,28.36,-41.4,21.98,212.8,,2,0,0,252.2,76,64.5,30.09,,-59.4,,,,,,,,,,,,,,,,,,,,,50.76618,-1.352402
38419.79044,7.36,-30.2,28.1,-39.6,22.06,212.4,,2,0,0,250,76,64.5,30.09,,-60.2,,,,,,,,,,,,,,,,,,,,,50.766126,-1.352674
38419.7905,6.64,-34.6,27.72,-44.2,22.58,208.8,,2,0,0,250.8,76,64.5,30.09,,-61.8,,,,,,,,,,,,,,,,,,,,,50.76607,-1.352922
38419.79056,6.5,-35.2,27.88,-44.4,22.86,204.2,,2,0,0,246.4,76,64.5,30.09,,-63.4,,,,,,,,,,,,,,,,,,,,,50.76602,-1.353152
38419.79062,6.908,-31.8,28,-41.2,22.42,200.4,,2,0,0,240,76,64.5,30.09,,-61.8,,,,,,,,,,,,,,,,,,,,,50.765962,-1.353374
38419.79067,7.05,-30.6,28.3,-39.8,22.52,199.6,,2,0,0,237.4,76,64.5,30.09,,-62.4,,,,,,,,,,,,,,,,,,,,,50.765884,-1.353584
38419.79073,7.208,-29.2,29.32,-38,23.28,201.6,,2,0,0,237.6,76,64.5,30.09,,-67.2,,,,,,,,,,,,,,,,,,,,,50.765794,-1.353798
38419.79079,7.556,-30.2,30.92,-39,24.7,205,,2,0,0,241.8,76,64.5,30.09,,-75,,,,,,,,,,,,,,,,,,,,,50.765704,-1.354022
38419.79085,7.818,-31.6,32.68,-40.6,26.3,209,,2,0,0,247.4,76,64.5,30.09,,-84.8,,,,,,,,,,,,,,,,,,,,,50.765622,-1.354264
38419.79091,8.042,-30.8,34.12,-39.4,27.52,212.2,,2,0,0,249.2,76,64.5,30.09,,-93.4,,,,,,,,,,,,,,,,,,,,,50.765552,-1.354528
38419.79097,7.966,-33.6,33.62,-42.8,27.32,213.6,,2,0,0,254.4,76,64.5,30.09,,-91.4,,,,,,,,,,,,,,,,,,,,,50.765486,-1.354802
38419.79102,7.71,-32.4,32.9,-41.4,26.74,214.8,,2,0,0,254,76,64.5,30.09,,-87.8,,,,,,,,,,,,,,,,,,,,,50.76543,-1.355078
38419.79108,7.242,-35,31.8,-44,26.18,214.8,,2,0,0,257.2,76,64.5,30.09,,-83.6,,,,,,,,,,,,,,,,,,,,,50.76538,-1.355344
38419.79114,6.884,-37,30.74,-46.4,25.6,215.4,,2,0,0,259.8,76,64.5,30.09,,-79.4,,,,,,,,,,,,,,,,,,,,,50.765338,-1.3556
38419.7912,7.294,-33.4,30.18,-43,24.4,216,,2,0,0,257.4,76,64.5,30.09,,-72.8,,,,,,,,,,,,,,,,,,,,,50.765308,-1.35585
38419.79125,8.004,-29.2,30.54,-38.8,23.84,215.4,,2,0,0,252.2,76,64.5,30.09,,-70.8,,,,,,,,,,,,,,,,,,,,,50.76527,-1.356108
38419.79131,7.764,-29.2,29.44,-38.2,22.94,214.8,,2,0,0,251.2,76,64.5,30.09,,-65.6,,,,,,,,,,,,,,,,,,,,,50.765228,-1.356324
38419.79137,7.694,-31.4,29,-41.6,22.8,212.4,,2,0,0,252,76,64.5,30.09,,-64,,,,,,,,,,,,,,,,,,,,,50.765156,-1.356648
38419.79143,7.746,-33.4,28,-45,21.94,209.2,,2,0,0,252,76,64.5,30.09,,-58.8,,,,,,,,,,,,,,,,,,,,,50.7651,-1.356918
38419.79149,8.15,-32.2,28,-43.8,21.54,205.6,,2,0,0,247.4,76,64.5,30.09,,-56.6,,,,,,,,,,,,,,,,,,,,,50.765042,-1.357188
38419.79154,8.258,-31.8,28.28,-43.4,21.68,205,,2,0,0,246,76,64.5,30.09,,-57.4,,,,,,,,,,,,,,,,,,,,,50.764968,-1.357458
38419.7916,8.036,-31,28.12,-41.6,21.62,207,,2,0,0,246.8,76,64.5,30.09,,-57.4,,,,,,,,,,,,,,,,,,,,,50.764888,-1.357728
38419.79166,7.71,-29.2,27.76,-39.4,21.38,210.2,,2,0,0,247.6,76,64.5,30.09,,-56.4,,,,,,,,,,,,,,,,,,,,,50.764812,-1.357994
38419.79172,7.446,-29.4,28.1,-38.8,21.92,212.8,,2,0,0,249.6,76,64.5,30.09,,-59.2,,,,,,,,,,,,,,,,,,,,,50.764746,-1.358254
38419.79178,7.374,-28.8,29.04,-37.6,22.9,214.2,,2,0,0,250.2,76,64.5,30.09,,-64.4,,,,,,,,,,,,,,,,,,,,,50.764686,-1.35851
38419.79183,7.65,-30.4,29.96,-39.6,23.66,214.8,,2,0,0,252.4,76,64.5,30.09,,-69.2,,,,,,,,,,,,,,,,,,,,,50.764626,-1.358764
38419.79189,8.55,-32,31.2,-42.4,24.34,213.2,,2,0,0,253.8,76,64.5,30.09,,-72.2,,,,,,,,,,,,,,,,,,,,,50.76457,-1.359036
38419.79195,9.068,-31.6,33.04,-42.6,25.76,212.8,,2,0,0,253,76,64.5,30.09,,-80.8,,,,,,,,,,,,,,,,,,,,,50.764512,-1.359334
38419.79201,9.232,-33.6,34.22,-44.6,27.02,214.4,,2,0,0,257,76,64.5,30.09,,-88.4,,,,,,,,,,,,,,,,,,,,,50.76445,-1.359652
38419.79207,8.776,-32,34.12,-42.2,27.08,214,,2,0,0,254.4,76,64.5,30.09,,-89.8,,,,,,,,,,,,,,,,,,,,,50.7644,-1.359978
38419.79212,8.116,-19.2,33.74,-24.8,26.6,214,,2,0,0,237.7,76,64.5,30.09,,-54.4,,,,,,,,,,,,,,,,,,,,,50.764346,-1.360286
38419.79218,7.93,26.2,33.28,33.6,26.44,213,,2,0,0,181.2,76,64.5,30.09,,86.8,,,,,,,,,,,,,,,,,,,,,50.764246,-1.36048
38419.79224,7.544,28.2,32.12,36.6,25.74,210.6,,2,0,0,176.2,76,64.5,30.09,,82.6,,,,,,,,,,,,,,,,,,,,,50.764082,-1.360494
38419.7923,7.858,30.6,30.72,40,24.24,210,,2,0,0,171.8,76,64.5,30.09,,73.2,,,,,,,,,,,,,,,,,,,,,50.763916,-1.360446
38419.79236,8.344,31.8,29.94,42.8,23.26,212.2,,2,0,0,171.8,76,64.5,30.09,,66.4,,,,,,,,,,,,,,,,,,,,,50.763752,-1.360382
38419.79241,8.304,32.4,28.54,44.4,21.96,214,,2,0,0,171.6,76,64.5,30.09,,59.2,,,,,,,,,,,,,,,,,,,,,50.763578,-1.360312
38419.79247,8.5,30.2,28.32,41.8,21.4,213,,2,0,0,173.2,76,64.5,30.09,,56.4,,,,,,,,,,,,,,,,,,,,,50.763398,-1.360242
38419.79253,8.022,23.8,27.68,32.6,20.6,212.4,,2,0,0,181.6,76,64.5,30.09,,53,,,,,,,,,,,,,,,,,,,,,50.763218,-1.360188
38419.79259,8.36,29.2,26.42,41.6,19.56,213.4,,2,0,0,173.8,76,64.5,30.09,,47.2,,,,,,,,,,,,,,,,,,,,,50.763038,-1.36015
38419.79265,8.178,29.2,26.14,41,19.4,215,,2,0,0,176,76,64.5,30.09,,46.2,,,,,,,,,,,,,,,,,,,,,50.762858,-1.3601
38419.79271,8.618,32.8,26.54,46.4,19.82,217.2,,2,0,0,172.8,76,64.5,30.09,,47.4,,,,,,,,,,,,,,,,,,,,,50.762678,-1.360042
38419.79276,8.648,31.6,28.8,43.6,21.92,219.6,,2,0,0,178.2,76,64.5,30.09,,58,,,,,,,,,,,,,,,,,,,,,50.762494,-1.35998
38419.79282,8.39,31.4,31.24,41.4,24.48,220.6,,2,0,0,181,76,64.5,30.09,,72.6,,,,,,,,,,,,,,,,,,,,,50.762308,-1.359938
38419.79288,8.532,30.2,33.46,39.8,26.48,220.8,,2,0,0,182.8,76,64.5,30.09,,85.6,,,,,,,,,,,,,,,,,,,,,50.762124,-1.359912
38419.79294,8.318,33,35.6,42.2,29.02,220.8,,2,0,0,180.8,76,64.5,30.09,,102.2,,,,,,,,,,,,,,,,,,,,,50.761938,-1.359896
38419.793,8.556,32,38.14,40.2,31.18,219.8,,2,0,0,181.6,76,64.5,30.09,,119,,,,,,,,,,,,,,,,,,,,,50.761758,-1.359878
38419.79305,8.718,29.8,39.76,37.4,32.52,217.4,,2,0,0,181.8,76,64.5,30.09,,130.8,,,,,,,,,,,,,,,,,,,,,50.761574,-1.359852
38419.79311,8.854,32.8,39.6,41,32.5,215.2,,2,0,0,176,76,64.5,30.09,,129.6,,,,,,,,,,,,,,,,,,,,,50.761384,-1.359824
38419.79317,9.074,33.8,40.76,42.6,33.6,214.4,,2,0,0,173.8,76,64.5,30.09,,137.4,,,,,,,,,,,,,,,,,,,,,50.761194,-1.359776
38419.79323,8.42,33,40.96,40.8,34.2,213,,2,0,0,174.2,76,64.5,30.09,,144,,,,,,,,,,,,,,,,,,,,,50.761004,-1.359712
38419.79329,7.664,31,39.62,38,33.28,209.8,,2,0,0,174,76,64.5,30.09,,137.6,,,,,,,,,,,,,,,,,,,,,50.760822,-1.35965
38419.79334,7.874,33.8,38.64,41.8,32.42,207,,2,0,0,167.2,76,64.5,30.09,,129,,,,,,,,,,,,,,,,,,,,,50.760656,-1.359588
38419.7934,7.744,35.4,38.16,43.4,32.16,206,,2,0,0,164.6,76,64.5,30.09,,126.2,,,,,,,,,,,,,,,,,,,,,50.760496,-1.3595
38419.79346,7.704,36,38.1,44,32.2,207.4,,2,0,0,165.4,76,64.5,30.09,,126.2,,,,,,,,,,,,,,,,,,,,,50.760336,-1.3594
38419.79352,7.68,31.6,38.56,38,32.28,208,,2,0,0,171.6,76,64.5,30.09,,128.6,,,,,,,,,,,,,,,,,,,,,50.760176,-1.359308
38419.79357,7.534,30.6,37.82,37.6,31.56,205.6,,2,0,0,170,76,64.5,30.09,,124,,,,,,,,,,,,,,,,,,,,,50.760012,-1.359236
38419.79363,7.36,31.2,36.5,38.6,30.46,202.6,,2,0,0,166,76,64.5,30.09,,115.4,,,,,,,,,,,,,,,,,,,,,50.759846,-1.359168
38419.79369,7.516,34.8,34.84,43.2,28.98,200,,2,0,0,158.8,76,64.5,30.09,,103.4,,,,,,,,,,,,,,,,,,,,,50.75969,-1.359072
38419.79375,7.094,30.4,32.1,38.2,26.22,198,,2,0,0,161.8,76,64.5,30.09,,86,,,,,,,,,,,,,,,,,,,,,50.75954,-1.358956
38419.79381,7.16,35.6,29.76,45.4,24.3,201,,2,0,0,157.6,76,64.5,30.09,,71.8,,,,,,,,,,,,,,,,,,,,,50.759394,-1.358846
38419.79386,7.54,37.2,29.12,48.2,23.56,204.6,,2,0,0,158,76,64.5,30.09,,66.2,,,,,,,,,,,,,,,,,,,,,50.759254,-1.358728
38419.79392,7.528,30.8,29.4,40.4,23.32,205,,2,0,0,166.4,76,64.5,30.09,,67,,,,,,,,,,,,,,,,,,,,,50.759106,-1.35861
38419.79398,7.23,31.4,28.14,40.8,22.3,204.6,,2,0,0,165.8,76,64.5,30.09,,61.2,,,,,,,,,,,,,,,,,,,,,50.75895,-1.358514
38419.79404,6.886,30.6,28.34,39.6,22.7,203.4,,2,0,0,165.8,76,64.5,30.09,,63.2,,,,,,,,,,,,,,,,,,,,,50.758804,-1.358424
38419.7941,7.128,29.8,29.48,38.4,23.6,203,,2,0,0,166.4,76,64.5,30.09,,68.8,,,,,,,,,,,,,,,,,,,,,50.75866,-1.358338
38419.79415,7.25,33.4,29.48,43.4,23.8,203.8,,2,0,0,162.4,76,64.5,30.09,,69,,,,,,,,,,,,,,,,,,,,,50.758514,-1.35825
38419.79421,7.63,33.4,29.92,43.2,23.88,203.8,,2,0,0,162.6,76,64.5,30.09,,69.6,,,,,,,,,,,,,,,,,,,,,50.75837,-1.35815
38419.79427,6.962,33.4,29.78,42.6,24.26,202.6,,2,0,0,162,76,64.5,30.09,,71.8,,,,,,,,,,,,,,,,,,,,,50.75822,-1.358046
38419.79433,7.092,33.6,30.42,42.6,24.8,200.2,,2,0,0,159.4,76,64.5,30.09,,75,,,,,,,,,,,,,,,,,,,,,50.758074,-1.357936
38419.79439,7.336,34.8,30.06,44.8,24.38,199,,2,0,0,156.4,76,64.5,30.09,,72.4,,,,,,,,,,,,,,,,,,,,,50.757934,-1.357818
38419.79444,7.552,32,29.68,41.6,23.6,199.4,,2,0,0,160,76,64.5,30.09,,68.6,,,,,,,,,,,,,,,,,,,,,50.757794,-1.357692
38419.7945,7.53,34.4,28.76,45.2,22.92,201.8,,2,0,0,159,76,64.5,30.09,,64,,,,,,,,,,,,,,,,,,,,,50.75765,-1.357572
38419.79456,7.288,35.2,27.64,46,22.08,204.8,,2,0,0,160.6,76,64.5,30.09,,59,,,,,,,,,,,,,,,,,,,,,50.757504,-1.357452
38419.79462,8.38,15.3,29.22,20.9,21.78,208,,2,0,0,188.6,76,64.5,30.09,,33.8,,,,,,,,,,,,,,,,,,,,,50.757356,-1.357344
38419.79468,8.646,-22,30.18,-30.4,22.42,211,,2,0,0,239.4,76,64.5,30.09,,-62.6,,,,,,,,,,,,,,,,,,,,,50.757208,-1.357378
38419.79473,8.776,-29.4,30.54,-39.8,23.32,213.6,,2,0,0,251,76,64.5,30.09,,-66.6,,,,,,,,,,,,,,,,,,,,,50.757098,-1.357626
38419.79479,8.344,-30.6,31.22,-41.2,24.46,214.4,,2,0,0,253.4,76,64.5,30.09,,-73,,,,,,,,,,,,,,,,,,,,,50.757026,-1.35792
38419.79485,8.16,-33.8,32.24,-43.6,25.82,213.2,,2,0,0,255,76,64.5,30.09,,-81.2,,,,,,,,,,,,,,,,,,,,,50.756974,-1.358216
38419.79491,8.008,-32.6,32.74,-41.6,26.36,209,,2,0,0,249,76,64.5,30.09,,-84.8,,,,,,,,,,,,,,,,,,,,,50.756926,-1.358502
38419.79497,8.048,-34,33.44,-43.6,27.16,204.4,,2,0,0,246,76,64.5,30.09,,-90,,,,,,,,,,,,,,,,,,,,,50.756862,-1.358778
38419.79503,8.788,-32.2,34.5,-41.8,27.48,203.8,,2,0,0,243.6,76,64.5,30.09,,-92.4,,,,,,,,,,,,,,,,,,,,,50.756788,-1.359052
38419.79508,8.62,-31.4,34.42,-40.8,27.42,206.6,,2,0,0,245.4,76,64.5,30.09,,-92.4,,,,,,,,,,,,,,,,,,,,,50.756704,-1.359332
38419.79514,8.398,-33.6,33.52,-43.4,26.92,209.8,,2,0,0,251.6,76,64.5,30.09,,-88.4,,,,,,,,,,,,,,,,,,,,,50.756622,-1.359616
38419.7952,8.414,-32.2,32.4,-42.2,25.66,211.4,,2,0,0,251.6,76,64.5,30.09,,-81.2,,,,,,,,,,,,,,,,,,,,,50.756556,-1.359906
38419.79526,8.546,-32,31.54,-42.8,24.7,213,,2,0,0,253.2,76,64.5,30.09,,-74.4,,,,,,,,,,,,,,,,,,,,,50.756496,-1.360196
38419.79531,9.33,-30,32.3,-40.6,24.62,213.4,,2,0,0,252,76,64.5,30.09,,-74.6,,,,,,,,,,,,,,,,,,,,,50.756432,-1.360494
38419.79537,8.598,-33.6,31.48,-45,24.8,212.2,,2,0,0,255.2,76,64.5,30.09,,-74.2,,,,,,,,,,,,,,,,,,,,,50.756366,-1.360808
38419.79543,7.952,-33.8,31.06,-43.8,24.86,213,,2,0,0,255,76,64.5,30.09,,-75,,,,,,,,,,,,,,,,,,,,,50.75631,-1.361112
38419.79549,8.346,-34.2,31.5,-45,25.04,213.6,,2,0,0,256.6,76,64.5,30.09,,-75.8,,,,,,,,,,,,,,,,,,,,,50.75626,-1.361396
38419.79555,8.46,-34.8,31.52,-45.8,25.04,213.2,,2,0,0,257.2,76,64.5,30.09,,-75.8,,,,,,,,,,,,,,,,,,,,,50.75621,-1.36169
38419.79561,8.34,-32.2,30.96,-42.8,24.28,214.8,,2,0,0,255.4,76,64.5,30.09,,-72,,,,,,,,,,,,,,,,,,,,,50.756164,-1.36199
38419.79566,8.428,-31.6,30.48,-42,23.74,214.6,,2,0,0,254.6,76,64.5,30.09,,-69,,,,,,,,,,,,,,,,,,,,,50.756104,-1.36229
38419.79572,8.512,-33.2,30.16,-44.4,23.5,212.8,,2,0,0,255.2,76,64.5,30.09,,-66.6,,,,,,,,,,,,,,,,,,,,,50.75605,-1.362586
38419.79578,8.512,-32.4,31.5,-43,24.7,210.6,,2,0,0,252,76,64.5,30.09,,-74.4,,,,,,,,,,,,,,,,,,,,,50.756,-1.36288
38419.79584,8.536,-32.8,32.48,-43.2,25.74,210.2,,2,0,0,251.2,76,64.5,30.09,,-80.2,,,,,,,,,,,,,,,,,,,,,50.755952,-1.363184
38419.7959,8.25,-31.4,33.74,-41,27.04,210,,2,0,0,249.4,76,64.5,30.09,,-89.4,,,,,,,,,,,,,,,,,,,,,50.755882,-1.363486
38419.79596,8.242,-12.9,36.14,-16.7,28.78,210.4,,2,0,0,225.6,76,64.5,30.09,,-57.8,,,,,,,,,,,,,,,,,,,,,50.755812,-1.363768
38419.79601,8.994,33,36.4,42.8,29.32,211.6,,2,0,0,170.6,76,64.5,30.09,,105.2,,,,,,,,,,,,,,,,,,,,,50.755662,-1.36393
38419.79607,9.22,37.2,35.98,48.2,29.2,211,,2,0,0,164.8,76,64.5,30.09,,101.8,,,,,,,,,,,,,,,,,,,,,50.755476,-1.363886
38419.79613,10.116,53.9,32.74,69.9,28.64,208.6,,2,0,0,140.7,76,64.5,30.09,,81,,,,,,,,,,,,,,,,,,,,,50.755286,-1.363768
38419.79619,13.104,93,24.6,120.4,28.5,207,,1.12,0,0,87.6,76,64.5,30.09,,27.4,,,,,,,,,,,,,,,,,,,,,50.755186,-1.363522
38419.79625,13.74,98.4,22.74,127,28.22,204.2,,0.76,0,0,77.8,76,64.5,30.09,,20.6,,,,,,,,,,,,,,,,,,,,,50.755198,-1.363066
38419.79631,13.55,99.2,20.9,129.4,26.62,204,,0.6,0,0,75.2,76,64.5,30.09,,16.4,,,,,,,,,,,,,,,,,,,,,50.75528,-1.362572
38419.79636,13.426,98,18.82,130.8,24.58,204.8,,0.52,0,0,74.6,76,64.5,30.09,,13.4,,,,,,,,,,,,,,,,,,,,,50.755376,-1.362102
38419.79642,12.668,99.8,17.8,131.8,23.5,205.4,,0.5,0,0,74,76,64.5,30.09,,11.2,,,,,,,,,,,,,,,,,,,,,50.75547,-1.36164
38419.79648,13.002,101.4,18.82,132.2,24.88,203.4,,0.52,0,0,71.4,76,64.5,30.09,,12.4,,,,,,,,,,,,,,,,,,,,,50.75557,-1.361198
38419.79654,13.308,99,20.6,129.4,26.22,201.4,,0.64,0,0,73,76,64.5,30.09,,15.6,,,,,,,,,,,,,,,,,,,,,50.755674,-1.36076
38419.7966,13.15,97.2,22.04,126.2,27.04,201,,0.78,0,0,76,76,64.5,30.09,,19.2,,,,,,,,,,,,,,,,,,,,,50.75578,-1.360306
38419.79665,13.3,98.2,22.32,126.8,27.58,201.2,,0.78,0,0,75,76,64.5,30.09,,19.4,,,,,,,,,,,,,,,,,,,,,50.755876,-1.359846
38419.79671,13.836,98.8,21.14,129.2,26.94,203,,0.62,0,0,74.6,76,64.5,30.09,,16.8,,,,,,,,,,,,,,,,,,,,,50.75597,-1.359382
38419.79677,13.974,96.8,21.26,127.8,26.78,205,,0.6,0,0,77.4,76,64.5,30.09,,17.6,,,,,,,,,,,,,,,,,,,,,50.75607,-1.358904
38419.79683,13.58,104.6,19.84,133.8,26.72,209,,0.5,0,0,75.6,76,64.5,30.09,,13.4,,,,,,,,,,,,,,,,,,,,,50.75617,-1.358418
38419.79689,13.256,108.8,18.96,137.2,26.36,213,,0.4,0,0,76.2,76,64.5,30.09,,11,,,,,,,,,,,,,,,,,,,,,50.756266,-1.357946
38419.79694,13.074,108.8,18.46,137.4,25.8,214.6,,0.44,0,0,77.8,76,64.5,30.09,,10.4,,,,,,,,,,,,,,,,,,,,,50.756368,-1.357482
38419.797,12.952,114.6,16.42,143,24.78,217.8,,0.3,0,0,75,76,64.5,30.09,,6.8,,,,,,,,,,,,,,,,,,,,,50.756454,-1.35702
38419.79706,13.084,110,17.38,139.6,25.04,218.8,,0.32,0,0,80,76,64.5,30.09,,8.4,,,,,,,,,,,,,,,,,,,,,50.756538,-1.356566
38419.79712,12.672,110.6,18.84,137.4,26.14,217.6,,0.46,0,0,80.6,76,64.5,30.09,,10.2,,,,,,,,,,,,,,,,,,,,,50.756598,-1.356106
38419.79718,12.536,109.8,19.86,136,26.86,216,,0.52,0,0,80.6,76,64.5,30.09,,11.8,,,,,,,,,,,,,,,,,,,,,50.756682,-1.35565
38419.79723,12.692,111.4,20.14,137,27.46,215,,0.52,0,0,78.8,76,64.5,30.09,,12,,,,,,,,,,,,,,,,,,,,,50.756746,-1.3552
38419.79729,13.328,114.4,18.32,141.2,26.7,212.8,,0.34,0,0,71.6,76,64.5,30.09,,8.8,,,,,,,,,,,,,,,,,,,,,50.756824,-1.35475
38419.79735,13.812,104,18.44,135.8,25.58,211.8,,0.4,0,0,76.6,76,64.5,30.09,,11,,,,,,,,,,,,,,,,,,,,,50.756904,-1.354284
38419.79741,13.88,98.8,18.86,131.8,25.06,210.2,,0.46,0,0,78.4,76,64.5,30.09,,12.4,,,,,,,,,,,,,,,,,,,,,50.757002,-1.35379
38419.79747,12.766,100,17.52,132.6,23.38,209.8,,0.46,0,0,77.6,76,64.5,30.09,,11,,,,,,,,,,,,,,,,,,,,,50.757082,-1.353302
38419.79753,12.16,96.8,16.42,130.8,21.56,208,,0.48,0,0,77.4,76,64.5,30.09,,10.2,,,,,,,,,,,,,,,,,,,,,50.757162,-1.352848
38419.79758,11.688,100.8,15.24,134.2,20.92,206.4,,0.42,0,0,72.6,76,64.5,30.09,,7.8,,,,,,,,,,,,,,,,,,,,,50.757246,-1.352426
38419.79764,11.512,102,16.16,133.2,21.7,205.6,,0.48,0,0,72.8,76,64.5,30.09,,9,,,,,,,,,,,,,,,,,,,,,50.757336,-1.352024
38419.7977,11.68,103,16.38,133.8,22.1,205.4,,0.46,0,0,72.2,76,64.5,30.09,,9,,,,,,,,,,,,,,,,,,,,,50.75743,-1.35163
38419.79776,11.332,100.8,17.2,130.8,22.3,207.8,,0.58,0,0,77.8,76,64.5,30.09,,10.8,,,,,,,,,,,,,,,,,,,,,50.757522,-1.35123
38419.79781,11.142,108.2,16.16,136.6,22.3,210.8,,0.44,0,0,75,76,64.5,30.09,,8.2,,,,,,,,,,,,,,,,,,,,,50.757598,-1.350834
38419.79787,11.76,107,16.72,136.2,23.12,210.8,,0.4,0,0,75.2,76,64.5,30.09,,8.6,,,,,,,,,,,,,,,,,,,,,50.757672,-1.35044
38419.79793,12.842,100.2,17.54,132.6,23.46,209,,0.46,0,0,76.6,76,64.5,30.09,,10.4,,,,,,,,,,,,,,,,,,,,,50.757752,-1.350028
38419.79799,12.822,96.8,18.38,129.2,23.58,206.2,,0.54,0,0,77.4,76,64.5,30.09,,12.8,,,,,,,,,,,,,,,,,,,,,50.757832,-1.34959
38419.79805,12.548,98,17.82,130.2,23.2,204,,0.5,0,0,73.8,76,64.5,30.09,,11.4,,,,,,,,,,,,,,,,,,,,,50.757916,-1.349144
38419.7981,12.172,98.6,18.08,129.8,23.24,202.2,,0.6,0,0,72.6,76,64.5,30.09,,12,,,,,,,,,,,,,,,,,,,,,50.758006,-1.348708
38419.79816,11.77,102.8,18.24,131.8,23.82,202,,0.6,0,0,71.2,76,64.5,30.09,,11.6,,,,,,,,,,,,,,,,,,,,,50.7581,-1.34829
38419.79822,12.66,100.2,18.6,131.4,24.32,202.4,,0.52,0,0,71.8,76,64.5,30.09,,12.2,,,,,,,,,,,,,,,,,,,,,50.7582,-1.347886
38419.79828,13.92,92.8,20.36,126.2,25.22,202.4,,0.6,0,0,76.6,76,64.5,30.09,,16.6,,,,,,,,,,,,,,,,,,,,,50.758296,-1.347452
38419.79834,14.354,99.2,19.62,132.2,26.1,204.8,,0.48,0,0,73.2,76,64.5,30.09,,13.8,,,,,,,,,,,,,,,,,,,,,50.75839,-1.34697
38419.79839,14.36,166,15.02,171.5,26.62,208.2,,0.18,0,0,36.9,76,64.5,30.09,,3.8,,,,,,,,,,,,,,,,,,,,,50.75851,-1.346494
38419.79845,14.48,-116.4,16.04,-146.4,25.94,208.8,,0.2,0,0,355,76,64.5,30.09,,-5.6,,,,,,,,,,,,,,,,,,,,,50.758724,-1.34623
38419.79851,13.984,-105,18.22,-136.6,25.68,208.8,,0.36,0,0,344.8,76,64.5,30.09,,-10.2,,,,,,,,,,,,,,,,,,,,,50.759034,-1.346282
38419.79857,14.166,-101,19.12,-133.2,25.84,208,,0.44,0,0,340.4,76,64.5,30.09,,-12.4,,,,,,,,,,,,,,,,,,,,,50.759344,-1.346436
38419.79863,14.46,-100.2,17.78,-135,24.8,208,,0.36,0,0,342.8,76,64.5,30.09,,-10.8,,,,,,,,,,,,,,,,,,,,,50.759646,-1.346634
38419.79868,13.44,-104.6,15.54,-139.2,22.98,208,,0.3,0,0,346.4,76,64.5,30.09,,-7.4,,,,,,,,,,,,,,,,,,,,,50.759936,-1.346816
38419.79874,12.516,-99.4,15.8,-134,21.68,208.4,,0.4,0,0,341.8,76,64.5,30.09,,-8.8,,,,,,,,,,,,,,,,,,,,,50.760218,-1.346968
38419.7988,11.828,-103.6,14.36,-137.6,20.64,209.2,,0.32,0,0,346.4,76,64.5,30.09,,-6.6,,,,,,,,,,,,,,,,,,,,,50.76048,-1.347122
38419.79886,12.072,-101.6,13.9,-137.4,20.18,211.2,,0.3,0,0,348.6,76,64.5,30.09,,-6,,,,,,,,,,,,,,,,,,,,,50.76073,-1.347248
38419.79892,11.844,-102.2,14.38,-136.8,20.46,211,,0.34,0,0,347.6,76,64.5,30.09,,-6.4,,,,,,,,,,,,,,,,,,,,,50.760984,-1.34736
38419.79898,11.382,-103.4,15.14,-135.2,20.94,211,,0.4,0,0,346,76,64.5,30.09,,-7.4,,,,,,,,,,,,,,,,,,,,,50.761236,-1.347472
38419.79903,10.888,-108.4,15.92,-136.6,21.96,211.8,,0.48,0,0,348,76,64.5,30.09,,-7.6,,,,,,,,,,,,,,,,,,,,,50.761476,-1.347598
38419.79909,10.872,-114.4,16.68,-139.6,23.38,210.2,,0.44,0,0,349.4,76,64.5,30.09,,-7.4,,,,,,,,,,,,,,,,,,,,,50.761712,-1.347702
38419.79915,11.132,-115,17.68,-139,24.56,208.6,,0.48,0,0,347.2,76,64.5,30.09,,-8,,,,,,,,,,,,,,,,,,,,,50.761942,-1.347794
38419.79921,12.064,-114.4,18.08,-140,25.52,208.4,,0.42,0,0,347.6,76,64.5,30.09,,-8.8,,,,,,,,,,,,,,,,,,,,,50.76218,-1.347904
38419.79927,12.446,-109,18.62,-136.6,25.58,209.8,,0.48,0,0,345.6,76,64.5,30.09,,-10.4,,,,,,,,,,,,,,,,,,,,,50.762434,-1.348022
38419.79932,12.188,-110.4,18,-137.4,25,207.8,,0.46,0,0,345,76,64.5,30.09,,-9.6,,,,,,,,,,,,,,,,,,,,,50.762694,-1.348156
38419.79938,11.616,-116.6,17.14,-141.6,24.62,205.2,,0.4,0,0,346,76,64.5,30.09,,-7.2,,,,,,,,,,,,,,,,,,,,,50.76295,-1.348292
38419.79944,11.65,-114.8,17,-140.8,24.3,205.2,,0.4,0,0,345.4,76,64.5,30.09,,-7.4,,,,,,,,,,,,,,,,,,,,,50.763196,-1.348422
38419.7995,11.706,-111.2,17.2,-138.4,24.08,207.2,,0.42,0,0,345.2,76,64.5,30.09,,-8.2,,,,,,,,,,,,,,,,,,,,,50.76344,-1.348552
38419.79956,11.612,-103.8,17.52,-132.8,23.22,210,,0.52,0,0,342,76,64.5,30.09,,-10.4,,,,,,,,,,,,,,,,,,,,,50.763686,-1.348686
38419.79961,11.762,-98.2,18.88,-127.6,23.64,212.4,,0.66,0,0,339.4,76,64.5,30.09,,-13.6,,,,,,,,,,,,,,,,,,,,,50.763922,-1.348838
38419.79967,12.67,-99.4,19.84,-129,25.2,214,,0.64,0,0,342.2,76,64.5,30.09,,-14.6,,,,,,,,,,,,,,,,,,,,,50.76416,-1.349008
38419.79973,13.486,-102.8,19.9,-132.8,26.38,213.8,,0.5,0,0,346.2,76,64.5,30.09,,-13.4,,,,,,,,,,,,,,,,,,,,,50.764422,-1.349166
38419.79979,13.544,-104.6,20.52,-133.2,27.28,212.2,,0.52,0,0,344.8,76,64.5,30.09,,-14,,,,,,,,,,,,,,,,,,,,,50.764706,-1.34931
38419.79985,13.09,-108.4,20.42,-135.6,27.52,209.8,,0.56,0,0,344.6,76,64.5,30.09,,-13.2,,,,,,,,,,,,,,,,,,,,,50.764992,-1.349464
38419.7999,12.938,-110.4,19.6,-137.2,26.98,206.4,,0.46,0,0,342.8,76,64.5,30.09,,-11.4,,,,,,,,,,,,,,,,,,,,,50.765268,-1.34962
38419.79996,12.724,-112.6,18.1,-139.6,25.82,205.2,,0.4,0,0,344.6,76,64.5,30.09,,-8.8,,,,,,,,,,,,,,,,,,,,,50.765538,-1.349774
38419.80002,12.734,-109.8,18.16,-137.8,25.4,206,,0.4,0,0,343.2,76,64.5,30.09,,-9.8,,,,,,,,,,,,,,,,,,,,,50.765804,-1.34993
38419.80008,12.78,-108,17.94,-136.6,24.98,206,,0.4,0,0,342.6,76,64.5,30.09,,-9.8,,,,,,,,,,,,,,,,,,,,,50.766064,-1.350084
38419.80014,12.452,-110,17.08,-138.6,24.32,206,,0.38,0,0,344,76,64.5,30.09,,-8.6,,,,,,,,,,,,,,,,,,,,,50.766324,-1.350244
38419.80019,11.428,-118.2,16.54,-142.8,24.12,205.2,,0.34,0,0,347.8,76,64.5,30.09,,-6.6,,,,,,,,,,,,,,,,,,,,,50.766584,-1.350392
38419.80025,10.982,-115,16.86,-139.8,23.72,203.8,,0.42,0,0,343.2,76,64.5,30.09,,-7.4,,,,,,,,,,,,,,,,,,,,,50.766836,-1.350518
38419.80031,10.17,-123.4,16.34,-144.6,23.5,203.6,,0.36,0,0,347.8,76,64.5,30.09,,-5.4,,,,,,,,,,,,,,,,,,,,,50.767064,-1.350638
38419.80037,10.246,-124.4,16.04,-145.8,23.42,204,,0.34,0,0,349.4,76,64.5,30.09,,-5,,,,,,,,,,,,,,,,,,,,,50.767278,-1.350746
38419.80043,10.732,-124.4,15.44,-147,23.26,204.6,,0.3,0,0,351.2,76,64.5,30.09,,-4.4,,,,,,,,,,,,,,,,,,,,,50.767502,-1.350832
38419.80049,10.86,-114.6,14.9,-141.8,21.78,204.8,,0.34,0,0,345.8,76,64.5,30.09,,-5.6,,,,,,,,,,,,,,,,,,,,,50.767732,-1.35092
38419.80054,10.562,-117.6,14.3,-143.6,21.36,204.6,,0.32,0,0,348,76,64.5,30.09,,-4.8,,,,,,,,,,,,,,,,,,,,,50.767958,-1.351024
38419.8006,10.768,-118,13.52,-145.4,20.9,205,,0.26,0,0,350.4,76,64.5,30.09,,-4.4,,,,,,,,,,,,,,,,,,,,,50.768182,-1.351126
38419.80066,10.856,-117.8,14.76,-143.6,22.02,205.2,,0.3,0,0,348.6,76,64.5,30.09,,-5,,,,,,,,,,,,,,,,,,,,,50.768412,-1.351216
38419.80072,10.638,-116.8,14.64,-142.6,21.62,207,,0.34,0,0,349.6,76,64.5,30.09,,-5.4,,,,,,,,,,,,,,,,,,,,,50.768642,-1.35131
38419.80078,10.538,-112.2,14.16,-140.6,20.54,208,,0.34,0,0,348.2,76,64.5,30.09,,-5.4,,,,,,,,,,,,,,,,,,,,,50.768868,-1.351402
38419.80083,10.75,-112.4,13.5,-141.8,20.24,207.4,,0.3,0,0,349.2,76,64.5,30.09,,-5,,,,,,,,,,,,,,,,,,,,,50.769092,-1.351494
38419.80089,11.054,-109.3,14.64,-138.5,20.92,208,,0.36,0,0,346.1,76,64.5,30.09,,-6.2,,,,,,,,,,,,,,,,,,,,,50.769326,-1.351592
38419.80095,9.476,-48.8,27.34,-67.5,22.5,209.4,,2,0,0,274.7,76,64.5,30.09,,-49.4,,,,,,,,,,,,,,,,,,,,,50.769522,-1.351744
38419.80101,8.588,-34,30.98,-45.6,24.36,212.8,,2,0,0,256.2,76,64.5,30.09,,-71.4,,,,,,,,,,,,,,,,,,,,,50.76958,-1.352028
38419.80107,8.784,-34.2,32.56,-45.6,25.78,213.6,,2,0,0,257.2,76,64.5,30.09,,-79.6,,,,,,,,,,,,,,,,,,,,,50.76953,-1.35234
38419.80112,9.192,-30.4,34.54,-40.4,26.98,212,,2,0,0,250.2,76,64.5,30.09,,-89.4,,,,,,,,,,,,,,,,,,,,,50.769476,-1.352648
38419.80117,9.18,-30.8,34.76,-40.6,27.26,209.6,,2,0,0,248.2,76,64.5,30.09,,-91.6,,,,,,,,,,,,,,,,,,,,,50.769424,-1.352902
38419.80123,8.814,-33.2,32.92,-44,26,207.2,,2,0,0,249.2,76,64.5,30.09,,-82.6,,,,,,,,,,,,,,,,,,,,,50.769346,-1.35321
38419.80129,8.404,-33.6,31.96,-44.2,25.4,207.6,,2,0,0,249.4,76,64.5,30.09,,-78,,,,,,,,,,,,,,,,,,,,,50.769276,-1.353508
38419.80134,8.552,-28.8,33.6,-37.4,26.42,208.8,,2,0,0,243.8,76,64.5,30.09,,-86,,,,,,,,,,,,,,,,,,,,,50.769202,-1.353796
38419.8014,8.1,-29.8,33.64,-38.4,26.96,208.8,,2,0,0,245,76,64.5,30.09,,-89.8,,,,,,,,,,,,,,,,,,,,,50.769114,-1.354074
38419.80146,7.938,-31.4,33.54,-40.2,27.08,208,,2,0,0,246.4,76,64.5,30.09,,-90.4,,,,,,,,,,,,,,,,,,,,,50.769034,-1.354342
38419.80152,7.932,-29.4,33.18,-38.4,26.62,209.4,,2,0,0,245.8,76,64.5,30.09,,-88,,,,,,,,,,,,,,,,,,,,,50.768954,-1.354602
38419.80158,8.356,-29.2,32.82,-38.4,25.86,210.6,,2,0,0,246.6,76,64.5,30.09,,-83.2,,,,,,,,,,,,,,,,,,,,,50.768874,-1.354864
38419.80163,8.474,-32.6,31.84,-43,25.12,208.8,,2,0,0,249.8,76,64.5,30.09,,-77.2,,,,,,,,,,,,,,,,,,,,,50.768796,-1.35514
38419.80169,8.9,-31.6,31.78,-42.6,24.62,207.6,,2,0,0,248,76,64.5,30.09,,-74.4,,,,,,,,,,,,,,,,,,,,,50.768724,-1.35544
38419.80175,8.824,-33.2,31.28,-45,24.38,205.6,,2,0,0,248.4,76,64.5,30.09,,-72.2,,,,,,,,,,,,,,,,,,,,,50.768644,-1.355744
38419.80181,8.062,-34.6,30.48,-45.4,24.26,203.4,,2,0,0,246.8,76,64.5,30.09,,-71,,,,,,,,,,,,,,,,,,,,,50.768566,-1.356054
38419.80187,7.754,-34.2,30.2,-44.4,24.2,202.4,,2,0,0,245.2,76,64.5,30.09,,-71.4,,,,,,,,,,,,,,,,,,,,,50.768494,-1.356322
38419.80193,7.938,-31.4,30.48,-41,24.04,203.8,,2,0,0,242.8,76,64.5,30.09,,-71.2,,,,,,,,,,,,,,,,,,,,,50.768414,-1.356582
38419.80199,8.014,-30.6,30.54,-40.6,24.02,204.4,,2,0,0,242.8,76,64.5,30.09,,-71,,,,,,,,,,,,,,,,,,,,,50.768332,-1.356844
38419.80205,7.972,-29,30.6,-38.6,23.98,204,,2,0,0,240.8,76,64.5,30.09,,-70.8,,,,,,,,,,,,,,,,,,,,,50.76826,-1.35706
38419.8021,8.066,-28.4,30.76,-37.4,23.96,206.6,,2,0,0,242.4,76,64.5,30.09,,-71.2,,,,,,,,,,,,,,,,,,,,,50.768152,-1.35737
38419.80216,7.714,-31,29.82,-40.4,23.54,206,,2,0,0,244.6,76,64.5,30.09,,-68.4,,,,,,,,,,,,,,,,,,,,,50.768064,-1.357622
38419.80222,7.904,-30.4,28.88,-40.6,22.42,204.2,,2,0,0,243.2,76,64.5,30.09,,-62,,,,,,,,,,,,,,,,,,,,,50.767982,-1.357884
38419.80228,7.844,-29.8,27.98,-40.4,21.54,203.6,,2,0,0,241.8,76,64.5,30.09,,-57.2,,,,,,,,,,,,,,,,,,,,,50.767892,-1.35815
38419.80234,7.956,-29.8,28.16,-40.6,21.64,202,,2,0,0,240.4,76,64.5,30.09,,-57.6,,,,,,,,,,,,,,,,,,,,,50.767802,-1.3584
38419.8024,7.872,-30.4,28.3,-41,21.88,202,,2,0,0,240.8,76,64.5,30.09,,-59,,,,,,,,,,,,,,,,,,,,,50.767712,-1.35865
38419.80245,7.288,-34,27.92,-44.4,22.24,203,,2,0,0,245.4,76,64.5,30.09,,-59.8,,,,,,,,,,,,,,,,,,,,,50.767626,-1.358898
38419.80251,7.57,-32.4,29.52,-42.4,23.48,204,,2,0,0,244.4,76,64.5,30.09,,-67.2,,,,,,,,,,,,,,,,,,,,,50.767556,-1.359138
38419.80257,7.952,-30.2,30.8,-39.8,24.24,203.4,,2,0,0,240.8,76,64.5,30.09,,-72.6,,,,,,,,,,,,,,,,,,,,,50.767482,-1.35938
38419.80263,7.608,-32.4,30.66,-42.4,24.6,203,,2,0,0,243.4,76,64.5,30.09,,-74.2,,,,,,,,,,,,,,,,,,,,,50.767394,-1.35963
38419.80269,7.936,-33.2,30.16,-43.6,23.92,203,,2,0,0,244.6,76,64.5,30.09,,-70.2,,,,,,,,,,,,,,,,,,,,,50.767314,-1.359882
38419.80274,8.302,-30.6,29.7,-41,22.92,203.8,,2,0,0,243,76,64.5,30.09,,-64.6,,,,,,,,,,,,,,,,,,,,,50.767234,-1.360144
38419.8028,8.314,-28.4,29.42,-38.4,22.44,207.2,,2,0,0,243.6,76,64.5,30.09,,-62.6,,,,,,,,,,,,,,,,,,,,,50.767152,-1.360414
38419.80286,8.23,-30.6,29.18,-41.6,22.5,209,,2,0,0,249,76,64.5,30.09,,-62,,,,,,,,,,,,,,,,,,,,,50.767066,-1.360686
38419.80292,8.592,-29.6,29.2,-40.4,22.16,208.4,,2,0,0,247,76,64.5,30.09,,-60.6,,,,,,,,,,,,,,,,,,,,,50.766994,-1.360966
38419.80298,8.52,-5.1,29.1,-7.2,21.08,206.4,,2,0,0,213,76,64.5,30.09,,-11.6,,,,,,,,,,,,,,,,,,,,,50.766904,-1.361228
38419.80303,7.944,26.2,27.28,36.4,20.48,206.6,,2,0,0,172.4,76,64.5,30.09,,52.2,,,,,,,,,,,,,,,,,,,,,50.766766,-1.36137
38419.80309,8.024,30.2,26.3,41.8,19.8,208.4,,2,0,0,168.6,76,64.5,30.09,,48,,,,,,,,,,,,,,,,,,,,,50.766596,-1.361314
38419.80315,8.478,30.2,26.02,43,19.16,210,,2,0,0,168.6,76,64.5,30.09,,44.8,,,,,,,,,,,,,,,,,,,,,50.766424,-1.361232
38419.80321,9.036,26.6,27.02,38.6,19.34,210,,2,0,0,173.4,76,64.5,30.09,,46.2,,,,,,,,,,,,,,,,,,,,,50.766242,-1.361146
38419.80327,8.578,27.2,27.44,38.6,20.22,211.6,,2,0,0,175.2,76,64.5,30.09,,50.4,,,,,,,,,,,,,,,,,,,,,50.766052,-1.361078
38419.80332,8.088,31,27.38,42.8,20.86,213.8,,2,0,0,173,76,64.5,30.09,,53,,,,,,,,,,,,,,,,,,,,,50.765864,-1.361018
38419.80338,8.14,27,28.24,36.6,21.3,213,,2,0,0,178.2,76,64.5,30.09,,56.4,,,,,,,,,,,,,,,,,,,,,50.765684,-1.360962
38419.80344,8.558,27.8,28.36,38.8,21.18,212.6,,2,0,0,175.8,76,64.5,30.09,,55.4,,,,,,,,,,,,,,,,,,,,,50.765502,-1.36092
38419.8035,8.524,30.4,27.4,42.4,20.48,212.4,,2,0,0,172,76,64.5,30.09,,51.4,,,,,,,,,,,,,,,,,,,,,50.765312,-1.360866
38419.80356,8.034,28.6,27,39.4,20.3,211.8,,2,0,0,174.4,76,64.5,30.09,,51,,,,,,,,,,,,,,,,,,,,,50.765124,-1.360798
38419.80361,8.156,28,26.96,39.2,20.14,211,,2,0,0,174,76,64.5,30.09,,50.2,,,,,,,,,,,,,,,,,,,,,50.764944,-1.36074
38419.80367,8.454,29.8,27.76,41.4,20.84,208.8,,2,0,0,169.4,76,64.5,30.09,,53.2,,,,,,,,,,,,,,,,,,,,,50.764764,-1.360684
38419.80373,8.608,29.6,28.94,40.8,21.9,206,,2,0,0,167,76,64.5,30.09,,58.6,,,,,,,,,,,,,,,,,,,,,50.764584,-1.3606
38419.80379,8.11,30,29.84,40,23.14,203.8,,2,0,0,166,76,64.5,30.09,,65.6,,,,,,,,,,,,,,,,,,,,,50.764406,-1.3605
38419.80384,7.804,28.6,30.26,37.8,23.7,203.8,,2,0,0,168.2,76,64.5,30.09,,69.8,,,,,,,,,,,,,,,,,,,,,50.764238,-1.360402
38419.8039,7.448,32,29.52,41.8,23.56,207,,2,0,0,167.2,76,64.5,30.09,,68,,,,,,,,,,,,,,,,,,,,,50.764078,-1.360314
38419.80396,7.192,34.8,29.18,44.8,23.66,210.8,,2,0,0,168,76,64.5,30.09,,67.8,,,,,,,,,,,,,,,,,,,,,50.76392,-1.360234
38419.80402,7.034,34.4,28.66,44.2,23.18,213.6,,2,0,0,171.6,76,64.5,30.09,,65.4,,,,,,,,,,,,,,,,,,,,,50.76377,-1.360158
38419.80408,6.716,32.8,29.12,41.6,23.74,215.6,,2,0,0,176.2,76,64.5,30.09,,69,,,,,,,,,,,,,,,,,,,,,50.76362,-1.360102
38419.80413,6.766,36,28.86,45.6,23.7,216.2,,2,0,0,172.8,76,64.5,30.09,,68,,,,,,,,,,,,,,,,,,,,,50.763472,-1.36006
38419.80419,7.18,19.4,29.76,25,23.46,215.6,,2,0,0,191.9,76,64.5,30.09,,40.6,,,,,,,,,,,,,,,,,,,,,50.76333,-1.360018
38419.80425,7.706,-24.6,30.4,-32.8,23.66,214.2,,2,0,0,244.8,76,64.5,30.09,,-69.2,,,,,,,,,,,,,,,,,,,,,50.763192,-1.360058
38419.80431,8.108,-29.8,31.06,-39.4,24.36,214,,2,0,0,251.4,76,64.5,30.09,,-73.2,,,,,,,,,,,,,,,,,,,,,50.763108,-1.360306
38419.80437,8.47,-33.6,31.12,-44.8,24.54,215.6,,2,0,0,258.6,76,64.5,30.09,,-73.2,,,,,,,,,,,,,,,,,,,,,50.763052,-1.36059
38419.80442,8.122,-37,29.84,-48.8,23.88,214.8,,2,0,0,261.6,76,64.5,30.09,,-68.4,,,,,,,,,,,,,,,,,,,,,50.763014,-1.36089
38419.80448,7.972,-32.6,28.64,-43,22.32,210.4,,2,0,0,251.6,76,64.5,30.09,,-61,,,,,,,,,,,,,,,,,,,,,50.76298,-1.361186
38419.80454,8.474,-28.4,27.78,-39.6,20.72,208,,2,0,0,245.8,76,64.5,30.09,,-53.4,,,,,,,,,,,,,,,,,,,,,50.762924,-1.361466
38419.8046,8.366,-30,26.76,-41.8,19.94,206.6,,2,0,0,246.4,76,64.5,30.09,,-49,,,,,,,,,,,,,,,,,,,,,50.762844,-1.361746
38419.80466,8.204,-31.4,26.2,-43.8,19.68,207,,2,0,0,248.8,76,64.5,30.09,,-47.4,,,,,,,,,,,,,,,,,,,,,50.762766,-1.362026
38419.80471,8.176,-32.6,27.12,-44.6,20.68,207.2,,2,0,0,250,76,64.5,30.09,,-51.6,,,,,,,,,,,,,,,,,,,,,50.762696,-1.362306
38419.80477,8.412,-31.2,28.08,-43.2,21.32,209.2,,2,0,0,250.6,76,64.5,30.09,,-55.2,,,,,,,,,,,,,,,,,,,,,50.762628,-1.362588
38419.80483,8.394,-29.8,28.36,-41,21.48,212,,2,0,0,251,76,64.5,30.09,,-56.8,,,,,,,,,,,,,,,,,,,,,50.762566,-1.362878
38419.80489,8.298,-28,27.98,-38.6,21,215.4,,2,0,0,251.8,76,64.5,30.09,,-54.6,,,,,,,,,,,,,,,,,,,,,50.762498,-1.363168
38419.80495,7.896,-27.2,27.34,-37.4,20.66,218,,2,0,0,253.2,76,64.5,30.09,,-53,,,,,,,,,,,,,,,,,,,,,50.762438,-1.363456
38419.805,7.454,-27,26.5,-36.8,20.14,219,,2,0,0,254,76,64.5,30.09,,-50.4,,,,,,,,,,,,,,,,,,,,,50.76238,-1.363732
38419.80506,7.006,-29.4,25.52,-39.4,19.72,218.2,,2,0,0,255.8,76,64.5,30.09,,-48,,,,,,,,,,,,,,,,,,,,,50.762332,-1.36399
38419.80512,7.268,-23.8,25.92,-32.5,19.56,218,,2,0,0,248.3,76,64.5,30.09,,-47,,,,,,,,,,,,,,,,,,,,,50.76229,-1.36424
38419.80518,7.392,17.6,26.86,23.7,20.08,218.2,,2,0,0,195.7,76,64.5,30.09,,31.4,,,,,,,,,,,,,,,,,,,,,50.76222,-1.364456
38419.80524,7.446,30.2,26.86,40.8,20.78,217.4,,2,0,0,178.6,76,64.5,30.09,,52.8,,,,,,,,,,,,,,,,,,,,,50.762068,-1.364514
38419.80529,7.88,29.8,29.64,39.4,23.12,215.6,,2,0,0,178.4,76,64.5,30.09,,65.4,,,,,,,,,,,,,,,,,,,,,50.761906,-1.364484
38419.80535,8.448,30.2,31.4,40.2,24.5,212.8,,2,0,0,174.4,76,64.5,30.09,,73.8,,,,,,,,,,,,,,,,,,,,,50.761734,-1.36445
38419.80541,8.79,31.8,31.16,42.8,24.16,209,,2,0,0,168,76,64.5,30.09,,71.6,,,,,,,,,,,,,,,,,,,,,50.761552,-1.364392
38419.80547,8.484,29.8,30.82,39.8,23.84,205.8,,2,0,0,168,76,64.5,30.09,,69.8,,,,,,,,,,,,,,,,,,,,,50.761364,-1.3643
38419.80553,8.424,28.6,31.68,38,24.62,203.8,,2,0,0,167.8,76,64.5,30.09,,74.8,,,,,,,,,,,,,,,,,,,,,50.761184,-1.364202
38419.80558,8.48,31.4,31.76,41.6,24.9,202,,2,0,0,162.8,76,64.5,30.09,,76.4,,,,,,,,,,,,,,,,,,,,,50.761006,-1.364106
38419.80564,8.098,32.8,30.78,43,24.38,201,,2,0,0,160,76,64.5,30.09,,72.6,,,,,,,,,,,,,,,,,,,,,50.760836,-1.363984
38419.8057,7.626,31.4,29.56,41.2,23.4,203,,2,0,0,163.8,76,64.5,30.09,,67.6,,,,,,,,,,,,,,,,,,,,,50.760668,-1.363858
38419.80576,7.932,30.2,28.06,41,21.58,205.2,,2,0,0,166,76,64.5,30.09,,58,,,,,,,,,,,,,,,,,,,,,50.760508,-1.36375
38419.80582,7.342,35.2,26.38,47,20.8,207.6,,2,0,0,162.6,76,64.5,30.09,,52,,,,,,,,,,,,,,,,,,,,,50.760348,-1.363648
38419.80587,6.746,34.2,26.24,44.6,21.02,208.6,,2,0,0,165.8,76,64.5,30.09,,53.6,,,,,,,,,,,,,,,,,,,,,50.760192,-1.363542
38419.80593,6.77,33.8,26.54,43.8,21.22,209,,2,0,0,167.4,76,64.5,30.09,,54.6,,,,,,,,,,,,,,,,,,,,,50.760052,-1.363456
38419.80599,7.372,32.8,27.8,43,21.94,209,,2,0,0,168,76,64.5,30.09,,58.4,,,,,,,,,,,,,,,,,,,,,50.75991,-1.363384
38419.80605,7.762,32,29.2,42.2,23,209.6,,2,0,0,169.4,76,64.5,30.09,,64.4,,,,,,,,,,,,,,,,,,,,,50.759756,-1.363304
38419.80611,7.992,29.4,30.1,38.8,23.44,209.4,,2,0,0,172.4,76,64.5,30.09,,67.8,,,,,,,,,,,,,,,,,,,,,50.759586,-1.363226
38419.80616,8.934,31.2,31.86,41.8,24.66,209.4,,2,0,0,169.6,76,64.5,30.09,,74,,,,,,,,,,,,,,,,,,,,,50.759412,-1.363154
38419.80622,8.69,34.2,33.26,44.8,26.52,211.2,,2,0,0,168.6,76,64.5,30.09,,84.6,,,,,,,,,,,,,,,,,,,,,50.759224,-1.363072
38419.80628,7.938,36.4,33.78,46.2,27.84,213,,2,0,0,168.4,76,64.5,30.09,,92.8,,,,,,,,,,,,,,,,,,,,,50.759046,-1.362982
38419.80634,8.018,33.2,34.68,42.2,28.32,213.6,,2,0,0,173.4,76,64.5,30.09,,98.2,,,,,,,,,,,,,,,,,,,,,50.758876,-1.362898
38419.8064,7.654,32,34.12,40,27.9,214.4,,2,0,0,176.6,76,64.5,30.09,,96,,,,,,,,,,,,,,,,,,,,,50.758706,-1.362842
38419.80645,7.734,34,33.56,43,27.5,214.4,,2,0,0,173.2,76,64.5,30.09,,92.8,,,,,,,,,,,,,,,,,,,,,50.758536,-1.362798
38419.80651,7.232,36.2,31.2,45.6,25.72,215.6,,2,0,0,171.6,76,64.5,30.09,,80.2,,,,,,,,,,,,,,,,,,,,,50.758368,-1.362738
38419.80657,7.046,36,30.54,45.4,25.18,216,,2,0,0,172.6,76,64.5,30.09,,76.8,,,,,,,,,,,,,,,,,,,,,50.75821,-1.362678
38419.80663,7.014,31.4,29.42,40.4,23.74,215.8,,2,0,0,177.6,76,64.5,30.09,,69.8,,,,,,,,,,,,,,,,,,,,,50.758058,-1.362622
38419.80669,6.708,35,27.36,45,22.22,215,,2,0,0,172,76,64.5,30.09,,60.2,,,,,,,,,,,,,,,,,,,,,50.757902,-1.362578
38419.80674,6.778,32.4,27.5,41.8,22.06,215.4,,2,0,0,175.2,76,64.5,30.09,,59.4,,,,,,,,,,,,,,,,,,,,,50.75776,-1.36252
38419.8068,6.952,30.8,29.4,39.4,23.7,216,,2,0,0,178.6,76,64.5,30.09,,68.8,,,,,,,,,,,,,,,,,,,,,50.75761,-1.362474
38419.80686,7.944,31.6,31.54,41,25.14,215.4,,2,0,0,176,76,64.5,30.09,,77.6,,,,,,,,,,,,,,,,,,,,,50.757456,-1.362442
38419.80692,8.718,28.6,33.08,37.8,25.76,216,,2,0,0,180.2,76,64.5,30.09,,82,,,,,,,,,,,,,,,,,,,,,50.757282,-1.362404
38419.80698,8.848,29.4,33.52,39,26.18,215.4,,2,0,0,178.4,76,64.5,30.09,,84.6,,,,,,,,,,,,,,,,,,,,,50.757092,-1.362372
38419.80703,8.304,28.8,33.34,37.4,26.36,214.2,,2,0,0,179.2,76,64.5,30.09,,86.4,,,,,,,,,,,,,,,,,,,,,50.756904,-1.362334
38419.80709,7.566,33.4,31.98,42.6,25.96,213.6,,2,0,0,172.8,76,64.5,30.09,,82.8,,,,,,,,,,,,,,,,,,,,,50.756728,-1.362298
38419.80715,7.316,32.2,32.84,40.4,26.94,212.2,,2,0,0,174,76,64.5,30.09,,88.8,,,,,,,,,,,,,,,,,,,,,50.756568,-1.362238
38419.80721,7.556,30.6,34.46,38.2,28.22,211.6,,2,0,0,175.2,76,64.5,30.09,,98.2,,,,,,,,,,,,,,,,,,,,,50.756408,-1.36218
38419.80727,7.714,31.8,35.06,40,28.8,209.2,,2,0,0,171.2,76,64.5,30.09,,102.2,,,,,,,,,,,,,,,,,,,,,50.756246,-1.362126
38419.80732,8.076,-2.9,36.5,-3.9,28.86,207.2,,2,0,0,210.6,76,64.5,30.09,,-18.8,,,,,,,,,,,,,,,,,,,,,50.756078,-1.362088
38419.80738,8.59,-28,35.3,-36.2,27.98,204.2,,2,0,0,238.2,76,64.5,30.09,,-97.6,,,,,,,,,,,,,,,,,,,,,50.755928,-1.362212
38419.80744,8.286,-32,34.42,-41,27.72,202.2,,2,0,0,241.4,76,64.5,30.09,,-94.6,,,,,,,,,,,,,,,,,,,,,50.75582,-1.362472
38419.8075,7.962,-31,33.72,-39.4,27.22,204,,2,0,0,241.6,76,64.5,30.09,,-91.8,,,,,,,,,,,,,,,,,,,,,50.755722,-1.362732
38419.80756,7.566,-30.2,33.14,-38.6,26.88,206.2,,2,0,0,242.6,76,64.5,30.09,,-89.6,,,,,,,,,,,,,,,,,,,,,50.755634,-1.362988
38419.80761,7.766,-35.2,33.12,-44.6,27.14,208,,2,0,0,250.4,76,64.5,30.09,,-89.4,,,,,,,,,,,,,,,,,,,,,50.755558,-1.363232
38419.80767,7.688,-31.2,32.54,-40,26.28,207.4,,2,0,0,245.2,76,64.5,30.09,,-85.4,,,,,,,,,,,,,,,,,,,,,50.755496,-1.363492
38419.80773,7.824,-4.8,32.64,-5.9,25.4,206.6,,2,0,0,212.1,76,64.5,30.09,,-17.2,,,,,,,,,,,,,,,,,,,,,50.755416,-1.363732
38419.80779,9.444,51.4,29.56,67.1,25.46,207.8,,2,0,0,142.9,76,64.5,30.09,,64.2,,,,,,,,,,,,,,,,,,,,,50.755288,-1.363824
38419.80784,11.3,114.8,19.6,137.6,26.34,205.8,,0.72,0,0,69.2,76,64.5,30.09,,11.6,,,,,,,,,,,,,,,,,,,,,50.755178,-1.363604
38419.8079,11.7,131.2,16.78,150.8,25.98,202,,0.24,0,0,51.4,76,64.5,30.09,,4.6,,,,,,,,,,,,,,,,,,,,,50.755282,-1.363236
38419.80796,12.23,134.6,15.2,154.6,25.32,199.6,,0.12,0,0,45.2,76,64.5,30.09,,3,,,,,,,,,,,,,,,,,,,,,50.75545,-1.36292
38419.80802,11.848,129.8,16.72,150,25.94,198.2,,0.2,0,0,48.2,76,64.5,30.09,,4.4,,,,,,,,,,,,,,,,,,,,,50.755646,-1.36262
38419.80808,11.76,131.8,16.96,151.4,26.3,197,,0.2,0,0,45.8,76,64.5,30.09,,4,,,,,,,,,,,,,,,,,,,,,50.755828,-1.362322
38419.80813,11.45,139.6,17.58,155.2,27.3,198.6,,0.16,0,0,43.6,76,64.5,30.09,,3.2,,,,,,,,,,,,,,,,,,,,,50.756018,-1.362036
38419.80819,11.308,141.4,18.94,155.6,28.64,201.8,,0.16,0,0,46.4,76,64.5,30.09,,3.2,,,,,,,,,,,,,,,,,,,,,50.756208,-1.361764
38419.80825,11.036,146.6,19.44,158.4,29.28,206.8,,0.14,0,0,48.4,76,64.5,30.09,,2.4,,,,,,,,,,,,,,,,,,,,,50.756394,-1.361484
38419.80831,10.686,146,18.32,158.4,27.82,211.6,,0.1,0,0,53.4,76,64.5,30.09,,2,,,,,,,,,,,,,,,,,,,,,50.756562,-1.3612
38419.80837,10.02,144.4,16.3,157.6,25.1,215.4,,0.18,0,0,57.4,76,64.5,30.09,,2.2,,,,,,,,,,,,,,,,,,,,,50.756716,-1.3609
38419.80842,9.042,-171.6,14.02,-175.2,22.94,218,,0,0,0,33,76,64.5,30.09,,0,,,,,,,,,,,,,,,,,,,,,50.756852,-1.360624
38419.80848,8.946,-160.2,13.46,-168,22.08,218.4,,0,0,0,26.2,76,64.5,30.09,,-0.4,,,,,,,,,,,,,,,,,,,,,50.757016,-1.360454
38419.80854,9.662,-165.6,12.22,-172.2,21.7,216.6,,0,0,0,28.6,76,64.5,30.09,,0,,,,,,,,,,,,,,,,,,,,,50.757198,-1.36032
38419.8086,10.146,-161.6,11.82,-170.2,21.7,215.2,,0,0,0,25.4,76,64.5,30.09,,0,,,,,,,,,,,,,,,,,,,,,50.75735,-1.3602
38419.80866,10.19,-161,11.8,-170,21.7,215,,0,0,0,25,76,64.5,30.09,,0,,,,,,,,,,,,,,,,,,,,,50.75735,-1.3602
